{"object_poses": {"expo_dry_erase_board_eraser": [[-0.9591416056726361, 0.257925266997619, -0.11629604919516986, -0.3386397449578584], [0.267065419627325, 0.9610499374230863, -0.07114790848575654, -0.05043062411274962], [0.09341622718881501, -0.09930024916576807, -0.9906568615486747, 1.0256755083452342], [0.0, 0.0, 0.0, 1.0]], "dove_beauty_bar": [[-0.4624373743920971, -0.8860266634382501, 0.033238185297262385, -0.30002800368885896], [0.18412912317884267, -0.059299572732499, 0.9811075862330049, 0.09959057997960015], [0.8673160860583471, -0.45982040979650013, -0.19057070618884414, 1.0095926359490122], [0.0, 0.0, 0.0, 1.0]]}, "bin_name": "bin_H"}